SET search_path TO contacts;


-- Supprime toutes les données
DELETE FROM telephone;
DELETE FROM personne;
DELETE FROM categorie;
DELETE FROM role;
DELETE FROM compte;


-- Insère les données

-- Compte

INSERT INTO compte (idcompte, pseudo, motdepasse, email ) VALUES 
( 1, 'geek', 'geek', 'geek@jfox.fr' ),
( 2, 'chef', 'chef', 'chef@jfox.fr' ),
( 3, 'job', 'job', 'job@jfox.fr' ),
( 4, 'max', 'max', 'max@jfox.fr' ),
( 5, 'mika', 'mika', 'mika@jfox.fr' ),
( 6, 'tom', 'tom', 'tom@jfox.fr' ),
( 7, 'eva', 'eva', 'eva@jfox.fr' ),
( 8, 'lulu', 'lulu', 'lulu@jfox.fr' );

ALTER TABLE compte ALTER COLUMN idcompte RESTART WITH 9;


-- Role

INSERT INTO role (idcompte, role) VALUES 
( 1, 'ADMINISTRATEUR' ),
( 1, 'UTILISATEUR' ),
( 2, 'UTILISATEUR' ),
( 3, 'UTILISATEUR' ),
( 4, 'UTILISATEUR' ),
( 5, 'UTILISATEUR' ),
( 6, 'UTILISATEUR' ),
( 7, 'UTILISATEUR' ),
( 8, 'UTILISATEUR' );


-- Categorie
  
INSERT INTO categorie (idcategorie, libelle, debut ) VALUES 
(  1, 'Employés', {d '2020-08-31' } ),
(  2, 'Partenaires', {d '2019-12-18' } ),
(  3, 'Clients', {d '2013-08-23' } ),
(  4, 'Fournisseurs', {d '2018-09-05' } ),
(  5, 'Dirigeants', {d '2015-11-10' } ),
(  6, 'Sous-traitants', {d '2013-04-19' } ),
(  7, 'Avocats', {d '2009-05-29' } ),
(  8, 'Administrations', {d '2019-12-18' } ),
(  9, 'Actionnaires', {d '2012-10-07' } ),
( 10, 'Banques', {d '2009-03-24' } );

ALTER TABLE categorie ALTER COLUMN idcategorie RESTART WITH 11;


-- Personne

INSERT INTO personne (idpersonne, idcategorie, nom, prenom) VALUES 
(  1,  9, 'LONGUET', 'Gérard' ),
(  2,  1, 'KANNER', 'Patrick' ),
(  3,  8, 'HOULLEGATTE', 'Jean-Michel' ),
(  4,  7, 'HUSSON', 'Jean-François' ),
(  5,  9, 'SEGOUIN', 'Vincent' ),
(  6,  8, 'ROUX', 'Jean-Yves' ),
(  7,  7, 'SAVIN', 'Michel' ),
(  8, 10, 'CHAUVET', 'Patrick' ),
(  9,  9, 'DUPLOMB', 'Laurent' ),
( 10,  3, 'GREMILLET', 'Daniel' ),
( 11, 10, 'JACQUIN', 'Olivier' ),
( 12,  1, 'MENONVILLE', 'Franck' ),
( 13,  6, 'TISSOT', 'Jean-Claude' ),
( 14,  6, 'SCHILLINGER', 'Patricia' ),
( 15,  3, 'DAGBERT', 'Michel' ),
( 16,  7, 'LOUAULT', 'Pierre' ),
( 17,  3, 'JANSSENS', 'Jean-Marie' ),
( 18,  7, 'WATTEBLED', 'Dany' ),
( 19,  7, 'LE NAY', 'Jacques' ),
( 20,  5, 'MOGA', 'Jean-Pierre' ),
( 21,  7, 'BIGOT', 'Joël' ),
( 22,  6, 'HASSANI', 'Abdallah' ),
( 23, 10, 'PRINCE', 'Jean-Paul' ),
( 24,  3, 'CAZABONNE', 'Alain' ),
( 25, 10, 'DENNEMONT', 'Michel' ),
( 26, 10, 'BOYER', 'Jean-Marc' ),
( 27,  2, 'DECOOL', 'Jean-Pierre' ),
( 28,  8, 'PRÉVILLE', 'Angèle' ),
( 29,  5, 'EUSTACHE-BRINIO', 'Jacqueline' ),
( 30,  6, 'CHAUVIN', 'Marie-Christine' ),
( 31,  2, 'FILLEUL', 'Martine' ),
( 32,  7, 'GONTARD', 'Guillaume' ),
( 33,  7, 'DE CIDRAC', 'Marta' ),
( 34,  2, 'RACT-MADOUX', 'Daphné' ),
( 35,  8, 'GUIDEZ', 'Jocelyne' ),
( 36,  1, 'ALLIZARD', 'Pascal' ),
( 37,  1, 'LABBÉ', 'Joël' ),
( 38,  2, 'MICOULEAU', 'Brigitte' ),
( 39,  9, 'VAN HEGHE', 'Sabine' ),
( 40,  2, 'RAIMOND-PAVERO', 'Isabelle' ),
( 41,  3, 'LÉTARD', 'Valérie' ),
( 42,  2, 'PANUNZI', 'Jean-Jacques' ),
( 43,  5, 'BASCHER', 'Jérôme' ),
( 44,  7, 'IACOVELLI', 'Xavier' ),
( 45,  6, 'LONGEOT', 'Jean-François' ),
( 46,  8, 'BONNEFOY', 'Nicole' ),
( 47,  8, 'NOËL', 'Sylviane' ),
( 48,  2, 'APOURCEAU-POLY', 'Cathy' ),
( 49,  6, 'BRULIN', 'Céline' ),
( 50,  5, 'LOPEZ', 'Vivette' );

ALTER TABLE personne ALTER COLUMN idpersonne RESTART WITH 51;


-- Telephone

INSERT INTO telephone (idtelephone, idpersonne, libelle, numero ) VALUES 
(   1,  1, 'Bureau', '04.09.81.60.19' ),
(   2,  1, 'Permanence', '04.09.46.74.96' ),
(   3,  1, 'Portable', '06.08.26.71.73' ),
(   4,  1, 'Portable', '06.08.30.10.46' ),
(   5,  2, 'Secrétaire', '04.90.44.83.07' ),
(   6,  2, 'Permanence', '04.90.76.09.10' ),
(   7,  2, 'Portable', '06.69.52.86.26' ),
(   8,  2, 'Portable', '06.69.50.04.49' ),
(   9,  2, 'Portable', '06.69.93.28.12' ),
(  10,  3, 'Secrétaire', '04.66.71.53.54' ),
(  11,  3, 'Portable', '06.09.55.45.24' ),
(  12,  4, 'Bureau', '03.19.79.15.45' ),
(  13,  4, 'Secrétaire', '03.19.15.47.01' ),
(  14,  4, 'Permanence', '03.19.43.66.73' ),
(  15,  4, 'Portable', '06.69.18.09.11' ),
(  16,  4, 'Portable', '06.69.61.18.60' ),
(  17,  5, 'Bureau', '01.87.07.25.79' ),
(  18,  5, 'Permanence', '01.87.00.05.46' ),
(  19,  5, 'Portable', '06.52.84.56.48' ),
(  20,  5, 'Portable', '06.52.96.36.64' ),
(  21,  6, 'Bureau', '02.41.50.89.60' ),
(  22,  6, 'Portable', '06.39.98.00.96' ),
(  23,  7, 'Permanence', '03.65.08.47.79' ),
(  24,  7, 'Portable', '06.24.72.24.16' ),
(  25,  8, 'Bureau', '01.27.34.75.18' ),
(  26,  8, 'Permanence', '01.27.00.69.18' ),
(  27,  8, 'Portable', '06.99.51.22.79' ),
(  28,  9, 'Bureau', '03.98.64.41.91' ),
(  29,  9, 'Portable', '06.98.86.14.83' ),
(  30,  9, 'Portable', '06.98.77.30.28' ),
(  31, 10, 'Portable', '06.70.87.58.81' ),
(  32, 10, 'Portable', '06.70.68.52.13' ),
(  33, 11, 'Permanence', '03.69.15.87.37' ),
(  34, 11, 'Portable', '06.81.41.52.21' ),
(  35, 11, 'Portable', '06.81.88.67.20' ),
(  36, 12, 'Bureau', '02.25.34.67.86' ),
(  37, 12, 'Secrétaire', '02.25.36.72.41' ),
(  38, 12, 'Permanence', '02.25.18.97.62' ),
(  39, 12, 'Portable', '06.61.86.57.20' ),
(  40, 13, 'Bureau', '01.58.16.05.21' ),
(  41, 13, 'Portable', '06.27.59.48.87' ),
(  42, 14, 'Permanence', '02.01.58.77.96' ),
(  43, 14, 'Portable', '06.62.43.95.66' ),
(  44, 14, 'Portable', '06.62.06.57.11' ),
(  45, 14, 'Portable', '06.62.30.75.67' ),
(  46, 15, 'Secrétaire', '01.95.47.03.17' ),
(  47, 15, 'Portable', '06.10.40.08.03' ),
(  48, 15, 'Portable', '06.10.24.48.07' ),
(  49, 16, 'Bureau', '01.91.18.95.02' ),
(  50, 16, 'Portable', '06.77.38.11.91' ),
(  51, 16, 'Portable', '06.77.84.32.02' ),
(  52, 17, 'Portable', '06.45.15.58.45' ),
(  53, 18, 'Secrétaire', '03.46.09.04.34' ),
(  54, 18, 'Permanence', '03.46.08.69.13' ),
(  55, 19, 'Bureau', '04.32.75.88.12' ),
(  56, 19, 'Portable', '06.55.59.33.85' ),
(  57, 20, 'Bureau', '01.15.58.59.72' ),
(  58, 20, 'Secrétaire', '01.15.93.98.63' ),
(  59, 20, 'Permanence', '01.15.97.15.01' ),
(  60, 20, 'Portable', '06.21.33.90.24' ),
(  61, 20, 'Portable', '06.21.85.88.14' ),
(  62, 20, 'Portable', '06.21.76.36.14' ),
(  63, 21, 'Bureau', '01.44.26.34.90' ),
(  64, 21, 'Secrétaire', '01.44.70.11.82' ),
(  65, 21, 'Permanence', '01.44.07.37.73' ),
(  66, 21, 'Portable', '06.91.65.45.45' ),
(  67, 21, 'Portable', '06.91.54.92.63' ),
(  68, 22, 'Bureau', '04.02.15.70.24' ),
(  69, 22, 'Portable', '06.39.51.13.68' ),
(  70, 23, 'Bureau', '03.76.55.76.18' ),
(  71, 23, 'Portable', '06.50.38.64.76' ),
(  72, 23, 'Portable', '06.50.64.56.98' ),
(  73, 24, 'Bureau', '02.60.03.35.74' ),
(  74, 24, 'Secrétaire', '02.60.51.39.06' ),
(  75, 24, 'Portable', '06.86.51.39.33' ),
(  76, 24, 'Portable', '06.86.53.07.42' ),
(  77, 24, 'Portable', '06.86.22.85.95' ),
(  78, 25, 'Bureau', '01.76.21.21.97' ),
(  79, 26, 'Bureau', '01.88.42.56.28' ),
(  80, 26, 'Secrétaire', '01.88.68.85.70' ),
(  81, 26, 'Permanence', '01.88.72.09.58' ),
(  82, 27, 'Bureau', '02.42.28.87.31' ),
(  83, 27, 'Permanence', '02.42.69.30.27' ),
(  84, 27, 'Portable', '06.10.54.95.96' ),
(  85, 27, 'Portable', '06.10.29.11.53' ),
(  86, 28, 'Permanence', '04.03.50.23.36' ),
(  87, 29, 'Bureau', '04.32.54.86.07' ),
(  88, 29, 'Secrétaire', '04.32.20.53.32' ),
(  89, 29, 'Permanence', '04.32.22.97.24' ),
(  90, 29, 'Portable', '06.30.55.44.42' ),
(  91, 30, 'Secrétaire', '04.64.92.53.19' ),
(  92, 30, 'Permanence', '04.64.27.10.44' ),
(  93, 30, 'Portable', '06.92.75.07.45' ),
(  94, 30, 'Portable', '06.92.85.19.49' ),
(  95, 31, 'Bureau', '04.51.18.45.77' ),
(  96, 31, 'Secrétaire', '04.51.71.36.72' ),
(  97, 31, 'Portable', '06.74.19.25.85' ),
(  98, 31, 'Portable', '06.74.42.81.88' ),
(  99, 32, 'Secrétaire', '04.55.08.20.45' ),
( 100, 32, 'Permanence', '04.55.81.55.26' ),
( 101, 32, 'Portable', '06.19.52.18.33' ),
( 102, 32, 'Portable', '06.19.73.19.21' ),
( 103, 32, 'Portable', '06.19.90.61.22' ),
( 104, 33, 'Bureau', '03.69.25.98.93' ),
( 105, 33, 'Permanence', '03.69.12.62.26' ),
( 106, 33, 'Portable', '06.91.25.30.35' ),
( 107, 34, 'Bureau', '03.46.33.96.58' ),
( 108, 34, 'Secrétaire', '03.46.06.42.99' ),
( 109, 34, 'Portable', '06.39.08.98.61' ),
( 110, 36, 'Secrétaire', '02.22.01.45.23' ),
( 111, 36, 'Portable', '06.87.88.88.71' ),
( 112, 36, 'Fax', '06.87.72.47.12' ),
( 113, 37, 'Bureau', '02.22.10.30.65' ),
( 114, 37, 'Secrétaire', '02.22.43.76.32' ),
( 115, 37, 'Permanence', '01.08.84.90.24' ),
( 116, 37, 'Portable', '06.87.46.10.90' ),
( 117, 37, 'Portable', '06.44.45.58.48' ),
( 118, 37, 'Portable', '06.44.81.72.71' ),
( 119, 38, 'Permanence', '04.27.99.77.08' ),
( 120, 38, 'Portable', '06.58.37.24.40' ),
( 121, 39, 'Bureau', '02.48.18.27.99' ),
( 122, 39, 'Secrétaire', '02.48.35.92.98' ),
( 123, 39, 'Portable', '06.12.18.05.93' ),
( 124, 39, 'Portable', '06.12.30.78.66' ),
( 125, 40, 'Bureau', '03.63.22.13.23' ),
( 126, 40, 'Secrétaire', '03.63.16.46.94' ),
( 127, 40, 'Permanence', '03.63.11.02.04' ),
( 128, 40, 'Portable', '06.69.57.35.05' ),
( 129, 41, 'Permanence', '01.49.74.51.37' ),
( 130, 41, 'Portable', '06.97.60.80.25' ),
( 131, 42, 'Secrétaire', '02.63.67.39.85' ),
( 132, 42, 'Portable', '06.59.40.14.11' ),
( 133, 43, 'Permanence', '02.17.75.40.95' ),
( 134, 43, 'Portable', '06.88.67.27.04' ),
( 135, 43, 'Portable', '06.88.49.03.10' ),
( 136, 44, 'Bureau', '04.65.21.51.19' ),
( 137, 44, 'Portable', '06.82.93.14.04' ),
( 138, 44, 'Portable', '06.82.94.12.17' ),
( 139, 44, 'Portable', '06.82.30.24.63' ),
( 140, 45, 'Bureau', '04.97.36.61.94' ),
( 141, 45, 'Secrétaire', '04.97.73.86.40' ),
( 142, 45, 'Portable', '06.67.33.19.25' ),
( 143, 46, 'Secrétaire', '02.02.48.87.70' ),
( 144, 46, 'Portable', '06.43.10.37.55' ),
( 145, 47, 'Portable', '06.38.60.45.84' ),
( 146, 47, 'Portable', '06.38.42.12.33' ),
( 147, 48, 'Bureau', '03.54.48.67.23' ),
( 148, 48, 'Secrétaire', '03.54.23.15.69' ),
( 149, 48, 'Portable', '06.74.43.29.04' ),
( 150, 49, 'Bureau', '03.89.32.26.93' ),
( 151, 49, 'Secrétaire', '03.89.77.20.37' ),
( 152, 49, 'Permanence', '03.89.38.20.76' ),
( 153, 49, 'Portable', '06.31.29.14.29' ),
( 154, 50, 'Bureau', '03.38.52.52.46' ),
( 155, 50, 'Secrétaire', '03.38.66.58.94' ),
( 156, 50, 'Permanence', '03.38.58.28.76' ),
( 157, 50, 'Portable', '06.75.52.17.78' ),
( 158, 50, 'Portable', '06.75.73.68.04' );

ALTER TABLE telephone ALTER COLUMN idtelephone RESTART WITH 200;
 
